<?xml version="1.0" encoding="UTF-8"?>
<project-private xmlns="http://www.netbeans.org/ns/project-private/1">
    <editor-bookmarks xmlns="http://www.netbeans.org/ns/editor-bookmarks/2" lastBookmarkId="0"/>
    <open-files xmlns="http://www.netbeans.org/ns/projectui-open-files/2">
        <group>
            <file>file:/E:/Users/Justin/GitHub/IntegratedSpaghetti/WebDevProject/web/css/main.css</file>
            <file>file:/E:/Users/Justin/GitHub/IntegratedSpaghetti/WebDevProject/src/java/Beans/User.java</file>
            <file>file:/E:/Users/Justin/GitHub/IntegratedSpaghetti/WebDevProject/src/java/Servlets/GradeBook.java</file>
            <file>file:/E:/Users/Justin/GitHub/IntegratedSpaghetti/WebDevProject/web/WEB-INF/web.xml</file>
            <file>file:/E:/Users/Justin/GitHub/IntegratedSpaghetti/WebDevProject/web/courseList.jsp</file>
            <file>file:/E:/Users/Justin/GitHub/IntegratedSpaghetti/WebDevProject/web/grades.jsp</file>
            <file>file:/E:/Users/Justin/GitHub/IntegratedSpaghetti/WebDevProject/src/java/DataBase/PrivilegeDB.java</file>
        </group>
    </open-files>
</project-private>
