-- Hi if you're looking bebee I love you :D 
DELETE FROM REGISTRATION;
DELETE FROM SECTION;
DELETE FROM FACULTY;
DELETE FROM INVOICE;
DELETE FROM FINANCIAL;
DELETE FROM STUDENT;
DELETE FROM COURSE;
DELETE FROM USERS;
DELETE FROM PROGRAM;
DELETE FROM DEPARTMENT;

DROP TABLE IF EXISTS REGISTRATION;
DROP TABLE IF EXISTS SECTION;
DROP TABLE IF EXISTS COURSE;
DROP TABLE IF EXISTS FACULTY;
DROP TABLE IF EXISTS INVOICE;
DROP TABLE IF EXISTS FINANCIAL;
DROP TABLE IF EXISTS STUDENT;
DROP TABLE IF EXISTS PROGRAM;
DROP TABLE IF EXISTS DEPARTMENT;
DROP TABLE IF EXISTS USERS;

CREATE TABLE DEPARTMENT (
	DEPT_ID INT NOT NULL AUTO_INCREMENT,
	DEPT_TITLE VARCHAR(255) NOT NULL,
	DEPT_ABR VARCHAR(10) NOT NULL,
	PRIMARY KEY (DEPT_ID)
);

CREATE TABLE PROGRAM (
	PROGRAM_ID INT NOT NULL AUTO_INCREMENT,
	PROGRAM_TITLE VARCHAR(255) NOT NULL,
	DEPT_ID INT NOT NULL,
	PRIMARY KEY (PROGRAM_ID),
	FOREIGN KEY (DEPT_ID) REFERENCES DEPARTMENT(DEPT_ID)
);

--default password e99a18c428cb38d5f260853678922e03 which is 'abc123'
CREATE TABLE USERS (
	USER_ID INT NOT NULL AUTO_INCREMENT,
	USER_FIRST_NAME VARCHAR(255) NOT NULL,
	USER_LAST_NAME VARCHAR(255) NOT NULL,
	USER_ADDRESS VARCHAR(255) NOT NULL,
	USER_CITY VARCHAR(255) NOT NULL,
	USER_STATE VARCHAR(255) NOT NULL,
	USER_ZIP INT NOT NULL,
	USER_COUNTRY VARCHAR(255) NOT NULL,
	USER_PASSWORD VARCHAR(255) NOT NULL DEFAULT 'e99a18c428cb38d5f260853678922e03',
	USER_CREATION_DATE TIMESTAMP DEFAULT CURRENT_TIMESTAMP,
	USERNAME VARCHAR(255) NOT NULL,
	USER_EMAIL VARCHAR(255) NOT NULL,
	USER_DOB DATE NOT NULL, 
	PRIMARY KEY (USER_ID)
);

CREATE TABLE FACULTY (
	FACULTY_ID INT NOT NULL AUTO_INCREMENT,
	USER_ID INT NOT NULL,
	DEPT_ID INT,
	PRIMARY KEY (FACULTY_ID),
	FOREIGN KEY (USER_ID) REFERENCES USERS(USER_ID),
	FOREIGN KEY (DEPT_ID) REFERENCES DEPARTMENT(DEPT_ID)
);

CREATE TABLE STUDENT (
	STU_ID INT NOT NULL AUTO_INCREMENT,
	USER_ID INT NOT NULL,
	PROGRAM_ID INT NOT NULL,
	BALANCE DOUBLE NOT NULL DEFAULT 0.0,
	PRIMARY KEY (STU_ID),
	FOREIGN KEY (USER_ID) REFERENCES USERS(USER_ID),
	FOREIGN KEY (PROGRAM_ID) REFERENCES PROGRAM(PROGRAM_ID)
);

CREATE TABLE COURSE (
	COURSE_ID INT NOT NULL AUTO_INCREMENT,
	COURSE_TITLE VARCHAR(255) NOT NULL,
	COURSE_DESCRIPT LONGTEXT,
	COURSE_CREDITS INT NOT NULL,
	COURSE_COST INT NOT NULL,
	DEPT_ID INT NOT NULL,
	PRIMARY KEY (COURSE_ID, DEPT_ID),
	FOREIGN KEY (DEPT_ID) REFERENCES DEPARTMENT(DEPT_ID)
);

CREATE TABLE SECTION (
	SECTION_NUM INT NOT NULL AUTO_INCREMENT,
	COURSE_ID INT NOT NULL,
	DEPT_ID INT NOT NULL,
	SECTION_DAY INT NOT NULL,
	SECTION_TIME_START TIME NOT NULL,
	SECTION_TIME_END TIME NOT NULL,
	SECTION_LOCATION VARCHAR(255) NOT NULL,
	SECTION_YEAR INT NOT NULL,
	SECTION_SEMESTER INT NOT NULL,
	FACULTY_ID INT,
	PRIMARY KEY (SECTION_NUM),
	FOREIGN KEY (COURSE_ID) REFERENCES COURSE(COURSE_ID),
	FOREIGN KEY (DEPT_ID) REFERENCES COURSE(DEPT_ID),
	FOREIGN KEY (FACULTY_ID) REFERENCES FACULTY(FACULTY_ID)
);

CREATE TABLE REGISTRATION (
	STU_ID INT NOT NULL,
	SECTION_NUM INT NOT NULL,
	GPA DOUBLE,
	GRADE VARCHAR(2),
	PRIMARY KEY (STU_ID, SECTION_NUM),
	FOREIGN KEY (STU_ID) REFERENCES STUDENT(STU_ID),
	FOREIGN KEY (SECTION_NUM) REFERENCES SECTION(SECTION_NUM)
);

CREATE TABLE FINANCIAL (
	STU_ID INT NOT NULL,
	CREDITCARD_NUM BIGINT NOT NULL,
	EXP_DATE CHAR(5) NOT NULL,
	BILLING_ADDRESS VARCHAR(255) NOT NULL,
	BILLING_CITY VARCHAR(255) NOT NULL,
	BILLING_STATE VARCHAR(255) NOT NULL,
	BILLING_ZIP INT NOT NULL,
	BILLING_NAME VARCHAR(255) NOT NULL,
	PRIMARY KEY (STU_ID, CREDITCARD_NUM),
	FOREIGN KEY (STU_ID) REFERENCES STUDENT(STU_ID)
);

CREATE TABLE INVOICE (
	INVOICE_ID INT NOT NULL AUTO_INCREMENT,
	CREDITCARD_NUM BIGINT,
	STU_ID INT NOT NULL,
	INVOICE_PAYMENT INT NOT NULL,
	INVOICE_DATE TIMESTAMP NOT NULL DEFAULT CURRENT_TIMESTAMP,
	PRIMARY KEY (INVOICE_ID),
	FOREIGN KEY (STU_ID, CREDITCARD_NUM) REFERENCES FINANCIAL(STU_ID, CREDITCARD_NUM)
);


INSERT INTO DEPARTMENT ( DEPT_ABR, DEPT_TITLE )
VALUES 
	( 'ACC', 'Accounting' ),
	( 'BIO', 'Biology' ),
	( 'CIS', 'Computer Information Systems'),
	( 'ENG', 'English'),
	( 'GEO', 'Geography'),
	( 'GSC', 'General Science'),
	( 'MAT', 'Mathematics' ),
	( 'PHY', 'Physics' );

INSERT INTO PROGRAM ( PROGRAM_TITLE, DEPT_ID )
VALUES
	( 'Accounting', 1),
	( 'Biology', 2),
	( 'Software Engineering', 3),
	( 'Information Technologies', 3),
	( 'Computer Support', 3),
	( 'Systems Analysis', 3),
	( 'English', 4),
	( 'Geography', 5),
	( 'General Sciences', 6),
	( 'Mathematics', 7),
	( 'Physics', 8);

INSERT INTO USERS (USER_LAST_NAME, USER_FIRST_NAME, USER_ADDRESS, USER_CITY, USER_STATE, USER_ZIP, USER_COUNTRY, USERNAME, USER_EMAIL, USER_DOB)
VALUES
	('Ingram','Laura','3043 Perry St','Westland','MI',48185,'USA','ingram.laura','ingram.laura@fsu.edu','1970-11-19'),
	('Vallejos','Donnie','1390 Twin Oaks Ave','Grand Rapids','MI',49503,'USA','vallejos.donnie','vallejos.donnie@fsu.edu','1963-08-25'),
	('Schanerberger','William','10101 Binary Blvd','Blob','MI',10101,'USA','schanerberger.william','schanerberger.william@fsu.edu','1975-10-10'),
	('Emmons','Lee','21 Robinson Ct','Saginaw','MI',48607,'USA','emmons.lee','emmons.lee@fsu.edu','1981-07-17'),
	('Taliaferro','Jessica','844 Rubaiyat Rd','Muskegon','MI',49440,'USA','taliaferro.jessica','taliaferro.jessica@fsu.edu','1980-01-21'),
	('Turner','Henry','4998 Cottonwood Ln','Grand Rapids','MI',49505,'USA','turner.henry','turner.henry@fsu.edu','1961-04-24'),
	('Zwilling','Ema','1622 Bombardier Way','Romulus','MI',48174,'USA','zwilling.ema','zwilling.ema@fsu.edu','1982-06-27'),
	('Sawyer','Travis','3671 John Ave','Jonesville','MI',49250,'USA','sawyer.travis','sawyer.travis@fsu.edu','1982-08-30'),

	('Booth', 'Jesse', '947 Bartlett Ave', 'Southfield', 'MI', 48075, 'USA','booth.jesse', 'booth.jesse@fsu.edu', '1992-02-29'),
	('Avila', 'Patricia', '1049 D St', 'Roseville', 'MI', 48066, 'USA', 'avila.patricia', 'avila.patricia@fsu.edu', '1992-02-29'),
	('Sanner','Joseph','348 Nash St','Detroit','MI',48227,'USA','sanner.joseph','sanner.jospeh@fsu.edu', '1992-02-29'),
	('Timmons','Julia','1945 Eagle Dr','Southfield','MI',48235,'USA','timmons.julia','timmons.julia@fsu.edu', '1992-02-29'),
	('Kestner','Ralph','4185 Robinson Ct','Saginaw','MI',48607,'USA','kestner.ralph','kestner.ralph@fsu.edu', '1992-02-29'),
	('Fredericks','Joan','1476 Wetzel Ln','Grand Rapids','MI',49503,'USA','fredericks.joan','fredericks.joan@fsu.edu', '1992-02-29'),
	('Tyson','Sheila','3327 Cherry Ridge Dr','Bloomfield Township','MI',48302,'USA','tyson.sheila','tyson.sheila@fsu.edu', '1992-02-29'),
	('Bramblett','Albert','1758 Goff Ave','Three Rivers','MI',49093,'USA','bramblett.albert','bramblett.albert@fsu.edu', '1992-02-29'),
	('Gill','Elizabeth','2621 Haven Ln','Grand Rapids','MI',49508,'USA','gill.elizabeth','gill.elizabeth@fsu.edu', '1992-02-29'),
	('Thomas','Jose','4638 Prudence St','Southfield','MI',48075,'USA','thomas.jose','thomas.jose@fsu.edu', '1992-02-29'),
	('Jones','Justin','3734 Hart Ridge Rd','Saginaw','MI',48607,'USA','jones.justin','justin.jones@fsu.edu', '1992-02-29'),
	('Swanson','Frances','324 Wetzel Ln','Grand Rapids','MI',49503,'USA','swanson.frances','swanson.frances@fsu.edu', '1992-02-29'),
	('Flower','Barbara','4643 Bobcat Dr','Bloomfield Township','MI',48302,'USA','flower.barbara','flower.barbara@fsu.edu', '1992-02-29'),
	('Richardson','Robert','1778 Veltri Dr','Marquette','MI',49855,'USA','richardson.robert','richardson.robert@fsu.edu', '1992-02-29'),
	('Watts','Joseph','2854 Prudence St','Farmington Hills','MI',48335,'USA','watts.joseph','watts.joseph@fsu.edu', '1992-02-29'),
	('Aguilar','Kathryn','4658 Ben St','East Lansing','MI',48823,'USA','aguilar.kathryn','aguilar.kathryn@fsu.edu', '1992-02-29'),
	('Tate','Michelle','209 D Street','Southfield','MI',48075,'USA','tate.michelle','tate.michelle@fsu.edu', '1992-02-29'),
	('Watson','Janice','3650 Eagle Dr','Monroe','MI',48162,'USA','watson.janice','watson.janice@fsu.edu', '1992-02-29'),
	('Long','Edward','2689 Lakeland Terrace','Detroit','MI',48226,'USA','long.edward','long.edward@fsu.edu', '1992-02-29'),
	('Stocks','Vernon','598 Mount St','Alma','MI',48801,'USA','stocks.vernon','stocks.vernon@fsu.edu', '1992-02-29'),
	('Cordova','Raymonds','182 Echo Ln','Grands Rapids','MI',49508,'USA','cordova.raymonds','cordova.raymonds@fsu.edu', '1992-02-29'),
	('Robertson','Russell','2573 Ripple St','Kingston','MI',48741,'USA','robertson.russell','robertson.russell@fsu.edu', '1992-02-29'),
	('Moreno','Brandon','2855 John Ave','Lansing','MI',48912,'USA','moreno.brandon','moreno.brandon@fsu.edu', '1992-02-29'),
	('Slaughter','Michele','2697 Ritter Ave','Southfield','MI',48034,'USA','slaughter.michele','slaughter.michele@fsu.edu', '1992-02-29'),
	('Gill','Kathleen','1338 Tully St','Detroit','MI',48219,'USA','gill.kathleen','gill.kathleen@fsu.edu', '1992-02-29'),
	('Mercuri','Jessica','209 Hayhurst Ln','Detroit','MI',48219,'USA','mercuri.jessica','mercuri.jessica@fsu.edu', '1992-02-29'),
	('Raphael','Walter','1909 Front St','Southfield','MI',48075,'USA','raphael.walter','raphael.walter@fsu.edu', '1992-02-29'),
	('Stecker','Iva','1619 Pinewood Ave','Crystal Falls','MI',49920,'USA','stecker.iva','stecker.iva@fsu.edu', '1992-02-29'),
	('Mallory','Elizabeth','4464 State St','Detroit','MI',48219,'USA','mallory.elizabeth','mallory.elizabeth@fsu.edu','1992-02-29'),
	('Case','Leslie','1674 Summit Park Ave','Plymouth','MI',48170,'USA','case.leslie','case.leslie@fsu.edu','1992-02-29');

INSERT INTO FACULTY (USER_ID, DEPT_ID)
VALUES
	(1,1),
	(2,2),
	(3,3),
	(4,4),
	(5,5),
	(6,6),
	(7,7),
	(8,8);

INSERT INTO STUDENT (USER_ID, PROGRAM_ID)
VALUES
	(9,3),
	(10,8),
	(11,5),
	(12,5),
	(13,2),
	(14,9),
	(15,4),
	(16,2),
	(17,3),
	(18,7),
	(19,4),
	(20,10),
	(21,6),
	(22,10),
	(23,8),
	(24,9),
	(25,10),
	(26,1),
	(27,3),
	(28,10),
	(29,4),
	(30,7),
	(31,4),
	(32,3),
	(33,1),
	(34,7),
	(35,10),
	(36,10),
	(37,6),
	(38,11);

INSERT INTO COURSE (COURSE_COST, DEPT_ID, COURSE_ID, COURSE_TITLE, COURSE_DESCRIPT, COURSE_CREDITS)
VALUES 
	(0, 1,1500,'Accounting for the Small Business Owner','This course is designed for the non-accountant business owner. The student will study accounting procedures and applications for small businesses. Topics include bookkeeping for the small business, accounting systems for the small business, understanding of financial statements, overview of inventory management, survey of small business owner tax concerns and accounting concepts relating to financing the small business.',3),
	(0, 1,1800,'Accounting Procedures','This course presents general accounting procedures. Students will study the accounting equation, emphasizing the process of analyzing and recording financial information using the double-entry accounting system. Coverage includes the recording of basic transactions and adjustments for both service and merchandising concerns.',2),
	(0, 1,1810,'Principles of Financial Accounting','This course reviews basic financial accounting principles covering the accounting cycle. Topics include: cash, investments, receivables and payables, inventory valuation, fixed and intangible assets valuation, current and long term liabilities, and owner\'s equity. Internal control and financial statement analysis is also considered. Emphasis is placed on the corporate form of ownership.',4),
	(0, 1,1820,'Principles of Managerial Accounting','This course emphasizes the managerial aspects of cost accounting for manufacturing and service entities. Managerial topics will include: cost terms and behavior, determination of the cost of goods manufactured and sold, job order and process cost accounting, cost-volume-profit analysis, variable costing, profit planning and budgeting, standard costs and variance analysis, capital budgeting, and the Statement of Cash Flows.',4),
	(25, 2,1500,'Environmental Science','A laboratory science course which will focus through an interdisciplinary investigation on (a) developing an awareness of one\'s total environment (social, physical, and biological), (b) identifying the cause and perspective of our environmental concerns and, (c) exploring the possible and preferred solutions and strategies to those environmental issues. Course/lab fees.',4),
	(25, 2,1510,'Life Science','The course will cover the basic concepts of biology. These include: the cellular basis of life, metabolic processes, genetics, diversity, evolution and ecology, with human applications. This is a laboratory course intended for non-science majors. Course/lab fees.',4),
	(25, 2,1520,'Biology of Global Health','This course will introduce students to the main concepts of the public health field and the critical links between global health and environmental, sociocultural, and political-economic forces. Course topics include an overview of the factors affecting global health, a study of how health status is measured, and a review of key measures used to reduce the incidence of disease. The course will focus on the biological concepts underlying major diseases and issues in global health. This is a non-laboratory course.',4),
	(25, 2,1530,'Biology I: Molecular and Cellular','The course will cover the molecular and cellular basis of biological processes including metabolism, reproduction, genetics and evolution along with relevant applications of biotechnology. This is a laboratory course intended for science majors. It is expected that students have successfully completed both high school biology and chemistry within the previous five years or the college equivalents. Course/lab fees',4),
	(25, 2,2540,'General Zoology','	The course will explore representative protozoa and members of the animal kingdom, emphasizing their metabolism, anatomical structure and function, reproduction and development, evolution, diversity and ecology. Course/lab fees.',4),
	(20, 3,1050,'Personal Computer Productivity Tools','Students will be introduced to the essentials of personal computer usage. Students will explore and utilize software products such as business graphics, Internet usage, spreadsheets, databases, and word processing. Material in this course will assist students in the use of common desktop productivity tools used by most other disciplines. Consult the footnotes in the Schedule of Classes for information on the software package being used in specific sections. Students will be required to complete computer-based assignments inside/outside of class. Course/lab fees.',4),
	(20, 3,1100,'Fundamentals of Information Systems','This course provides an overview of business information systems and aims to present the central information systems principles, and demonstrate how they form an integral part of modern organizations. Topics include computer hardware and software fundamentals, use of software packages, an introduction to the Internet, systems analysis, the design of management information systems, as well as the impact of computers on business and society. The students will be required to complete computer-based assignments inside/outside of class. Course/lab fees.',4),
	(20, 3,1200,'Introduction to Database Systems','This course will focus on the fundamentals of database systems. Students will study the basics of database vs. file management systems; functions, components, and personnel involved in a database; database, client-server, and transaction processing architectures; and relational data models and operations. Students will also study business requirements analysis, perform data definition, manipulation, and queries using basic SQL, create forms and reports; and analyze macros, procedures and triggers. Concepts of database planning, design, and administration fundamentals, data warehousing, and data mining will be covered. Students will be required to complete computer-based assignments inside/outside of class. Course/lab fees.',4),
	(20, 3,1300,'Networking Concepts','Students will explore the components of networks and network designs. Communications hardware and the interconnection of servers and clients within LANs and WANs will be presented. Network architectures, standards, protocols and access methods used within intranets and the Internet will be described. The functions of network operating systems such as Windows Server, Unix, and Novell NetWare will be explored. Centralized computing, client/server and peer-to-peer environments, their services and their program-to-program communication protocols will be presented. Data security and system component protection will be studied. Students will be required to complete computer-based assignments inside/outside of class. Course/lab fees.',4),
	(20, 3,1400,'Web Design I','This course focuses on the fundamentals of web site content development. Students will be introduced to the fundamental HTML5 structure of a webpage and then proceed to creating pages using a professional web editing tool. Students will create a fully functional original website using the web design editing tool that has elements such as images, hyperlinks, cascading style sheets for formatting, tables and integration of certain multimedia elements such as sound files, videos and Flash objects. Discussions will include accessibility of the design, overall site maintenance and publishing using FTP technologies. Students taking this course should have working knowledge of Windows and basic knowledge of the Internet. Course / lab fees.',4),
	(20, 3,1500,'Introduction to Software Engineering','Students should have elementary Algebra skills and be familiar with both elementary word processing and Windows file management techniques prior to enrolling in this class. Students will be introduced to the fundamental techniques and syntax for understanding, designing, constructing, and testing object-oriented programs by studying the Java programming language. The structured programming basics of process, selection and iteration will be covered as well as primitive and complex data typing, methods, parameters and input/output. The basics of graphical user interface (GUI) programming such as event handling, windows and widgets will be introduced. Fundamental object-oriented concepts of classes, methods, abstraction, encapsulation and inheritance and incorporating an existing applet onto a web page will also be introduced. Students will be required to complete computer-based assignments inside/outside of class. Course/lab fees.',4),
	(0, 4,1510,'Composition I','Focusing on the multi-stage writing process, students will read, analyze, and write expository essays. Course/lab fees.',3),
	(0, 4,1520,'Composition II','Students will write persuasive and argumentative papers. They will acquire skills in library research and use a process that includes critical thinking, logical reasoning, and the investigation of primary and/or secondary sources. Students will write a documented, academic research paper.',3),
	(0, 4,2300,'Science Fiction and Fantasy','Students will distinguish between science fiction and fantasy. In addition to reading a variety of texts from each genre, students will consider the history of science fiction and fantasy, their cultural role and impact, and critical approaches by which they can be interpreted. Selected trends and schools of thought, such as hard and soft science fiction, anthropological, speculative, cyberpunk, quest fantasy, dark fantasy, and alternative history will be considered within the context of global environment.',3),
	(0, 4,2800,'Creative Writing','Students will develop a personal writing style by analyzing various genres, such as fiction, poetry, and drama, and by responding critically to the work of other students.',3),
	(0, 5,1510,'Physical Geography','The course will explain the spatial dimensions of Earth’s dynamic system - its energy, air, water, weather, climate, tectonics, landforms, rocks, plants, ecosystems, and biomes. The course examines human-Earth relationships using maps to create a holistic view of the planet and its inhabitants.',3),
	(0, 5,1520,'World Geography','The course will explain the modern geographic realms and their physical and human contents through a spatial approach. Contents of the course will include study of human societies and natural environments from environmental determinism to expansion and diffusion from decolonization to devolution.',3),
	(25, 6,1530,'Introduction to Geology','This laboratory science course examines the processes that shape the Earth. Topics addressed include plate tectonic theory; rock and mineral formation and identification, igneous, metamorphic and sedimentary rock forming processes; weathering and soils; mass wasting; groundwater and stream processes; deserts and glaciers; global change; rock deformation, and energy and mineral resources. Two field trips, one half-day and one full-day are required.',4),
	(25, 6,1580,'Astronomy','This is a science lecture demonstration course with accompanying lab experiences and field trips. This course involves the study of the earth, the moon, the planets, the solar system, the sun, the stars, the galaxy, galaxies, the universe, and related topics of special interest. Course/lab fees.',4),
	(25, 6,1590,'Cosmology','The student will be able to apply basic astronomical concepts and relevant mathematics to acquire more in-depth knowledge about some of the following topics: the solar system, stellar formation and evolution, galactic evolution extraterrestrial intelligence and cosmology. Course/lab fees.',4),
	(25, 6,1620,'Introduction to Environmental Geology','This laboratory science course introduces the student to how geological processes affect people and their physical environment. Topics covered include the hazards associated with earthquakes, volcanic eruptions, floods and landslides, the effect of volcanism on local and global climates, the formation and exploitation of water, soil, mineral and energy resources, the disposal of wastes and accompanying pollution; the link between geology and human health, and land use planning.. Course/lab fees.',4),
	(0, 7,1100,'Elementary Algebra','Properties of real numbers; first degree equations and inequalities; word problems; integer exponents; polynomials and factoring; rational expressions; graphing linear equations and inequalities; solving systems by graphing, addition and substitution; radicals; quadratic equations and the quadratic formula.',4),
	(0, 7,1150,'Intermediate Algebra','Review of basics from elementary algebra; absolute value equations and inequalities; radical and rational exponents; complex numbers; completing the square; the discriminant; quadratic inequalities; equations of lines; systems of equations; conic sections; functions, inverses and their graphs; word problems; exponential and logarithmic functions.',4),
	(0, 7,1560,'Trigonometry','Definition of the trigonometric functions as circular functions; graphs of the trigonometric functions; development and use of identities; solution of equations; inverse functions; applications; definition of the functions in a right triangle; solution of right triangles; solution of non-right triangles by use of Law of Sines and Law of Cosines; vectors; polar coordinates.',4),
	(0, 7,1730,'Calculus I','Limits; continuity; concept of the derivative; differentiation of algebraic and transcendental functions; applications of the derivative; antidifferentiation; the indefinite integral; the definite integral; the Fundamental Theorem of Calculus; numerical integration; integration involving logarithmic functions; some applications of the integral. Some of the course concepts will be explored and/or enhanced with current technology.',4),
	(0, 7,1740,'Calculus II','Integrals involving inverse trigonometric functions; hyperbolic functions; an introduction to differential equations; applications of the definite integral; techniques of integration; limits of indeterminate forms; improper integrals; two-dimensional analytic geometry using polar coordinates and parametric equations; infinite series. Some of the course concepts will be explored and/or enhanced with current technology.',4),
	(25, 8,1610,'College Physics I','The student will investigate the physical aspects of mechanics, sound, and heat. The student will perform measurements and experiments in mechanics and thermodynamics. Course/lab fees.',4),
	(25, 8,1620,'College Physics II','The student will study electricity, magnetism, optics, and selected topics in atomic physics. The student will perform measurements and experiments in electricity, magnetism, and optics. Course/lab fees.',4),
	(25, 8,2400,'Engineering Physics I','Prior physics in high school or college, or consent of instructor, is recommended. The student will define basic terms, explain theories, and apply them to the solution of problems in mechanics and thermodynamics using calculus where required. The student will obtain various types of data, reduce this data, express the reliability of the results, and write technical reports. Course/lab fees.',4),
	(25, 8,2500,'Engineering Physics II','The student will define basic terms, explain theories, and apply them to the solution of problems in electricity and magnetism using calculus and elementary differential equations where required. The student will obtain various types of data, reduce this data, express the reliability of the results, and write technical reports. Course/lab fees.',4);

INSERT INTO SECTION (DEPT_ID, COURSE_ID, SECTION_DAY, SECTION_TIME_START, SECTION_TIME_END, SECTION_LOCATION, FACULTY_ID, SECTION_YEAR, SECTION_SEMESTER)
VALUES
	(1, 1500, 20,'16:00:00','18:00:00','B108',1, 2014, 1),
	(1, 1800, 32,'9:00:00','11:00:00','A316',1, 2014, 3),
	(1, 1800, 10,'8:00:00','10:00:00','A306',1, 2015, 1),
	(2, 1500, 4,'19:00:00','21:00:00','A119',2, 2014, 1),
	(2, 1500, 16,'10:00:00','12:00:00','G101',2, 2014, 3),
	(2, 1510, 40,'9:00:00','11:00:00','C224',2, 2015, 1),
	(2, 1510, 10,'16:00:00','18:00:00','B304',2, 2014, 2),
	(2, 2540, 16,'12:00:00','14:00:00','G111',2, 2014, 1),
	(2, 2540, 16,'9:00:00','11:00:00','A306',2, 2014, 3),
	(3, 1050, 40,'13:00:00','15:00:00','A110',3, 2014, 3),
	(3, 1050, 4,'12:00:00','14:00:00','E225',3, 2015, 1),
	(3, 1200, 20,'10:00:00','12:00:00','B118',3, 2014, 3),
	(3, 1400, 32,'19:00:00','21:00:00','C210',3, 2014, 3),
	(3, 1500, 16,'13:00:00','15:00:00','D114',3, 2014, 2),
	(4, 1510, 32,'17:00:00','19:00:00','D224',4, 2014, 1),
	(4, 1510, 40,'18:00:00','20:00:00','G204',4, 2014, 1),
	(4, 1520, 8,'14:00:00','16:00:00','F119',4, 2014, 3),
	(4, 1520, 8,'16:00:00','18:00:00','D125',4, 2014, 3),
	(4, 2300, 10,'17:00:00','19:00:00','F314',4, 2015, 1),
	(5, 1520, 10,'19:00:00','21:00:00','B308',5, 2014, 1),
	(5, 1520, 40,'18:00:00','20:00:00','A309',5, 2014, 1),
	(6, 1530, 32,'9:00:00','11:00:00','A107',6, 2014, 2),
	(6, 1590, 20,'14:00:00','16:00:00','G221',6, 2015, 1),
	(7, 1100, 16,'9:00:00','11:00:00','B323',7, 2014, 3),
	(7, 1100, 40,'15:00:00','17:00:00','G321',7, 2014, 2),
	(7, 1560, 40,'13:00:00','15:00:00','B324',7, 2014, 1),
	(7, 1740, 32,'17:00:00','19:00:00','A124',7, 2015, 1),
	(7, 1740, 40,'16:00:00','18:00:00','A120',7, 2014, 3),
	(8, 1610, 20,'13:00:00','15:00:00','D103',8, 2014, 3),
	(8, 1610, 10,'12:00:00','14:00:00','F322',8, 2015, 1),
	(8, 2400, 40,'11:00:00','13:00:00','G302',8, 2014, 1),
	(8, 2400, 2,'8:00:00','10:00:00','F312',8, 2015, 1);

INSERT INTO REGISTRATION (STU_ID, SECTION_NUM, GRADE, GPA)
VALUES
	(1,23,'C-',1.7),
	(1,3,'D',1.0),
	(2,21,'B-',2.7),
	(2,13,'B-',2.7),
	(2,29,'A-',3.7),
	(3,31,'B',3.0),
	(3,24,'B-',2.7),
	(4,3,'C-',1.7),
	(5,28,'C',2.0),
	(5,25,'B+',3.3),
	(5,30,'D',1.0),
	(6,4,'B-',2.7),
	(6,13,'C',2.0),
	(6,14,'C',2.0),
	(7,21,'A',4.0),
	(7,8,'B+',3.3),
	(8,6,'B-',2.7),
	(8,23,'D',1.0),
	(8,31,'B-',2.7),
	(9,3,'B',3.0),
	(9,24,'B+',3.3),
	(9,14,'A-',3.7),
	(10,3,'C',2.0),
	(10,11,'D',1.0),
	(11,12,'C-',1.7),
	(11,16,'A',4.0),
	(11,15,'C',2.0),
	(11,19,'F',0.0),
	(12,12,'B+',3.3),
	(12,20,'C-',1.7),
	(13,8,'B',3.0),
	(13,27,'A',4.0),
	(13,16,'A-',3.7),
	(14,19,'C+',2.3),
	(14,14,'A',4.0),
	(15,3,'B-',2.7),
	(15,15,'F',0.0),
	(15,22,'A',4.0),
	(16,18,'F',0.0),
	(16,9,'A-',3.7),
	(17,16,'B-',2.7),
	(17,26,'B-',2.7),
	(17,22,'B',3.0),
	(17,9,'A-',3.7),
	(18,11,'B+',3.3),
	(18,3,'B',3.0),
	(19,15,'C-',1.7),
	(20,15,'C+',2.3),
	(20,22,'F',0.0),
	(20,9,'C+',2.3),
	(21,10,'D',1.0),
	(21,19,'B-',2.7),
	(21,17,'C',2.0),
	(22,17,'F',0.0),
	(22,25,'C+',2.3),
	(23,30,'C-',1.7),
	(24,30,'C',2.0),
	(24,8,'D',1.0),
	(25,1,'F',0.0),
	(25,15,'F',0.0),
	(25,25,'A-',3.7),
	(25,2,'F',0.0),
	(26,25,'F',0.0),
	(26,21,'C-',1.7),
	(26,24,'A',4.0),
	(27,10,'A-',3.7),
	(28,15,'B+',3.3),
	(28,20,'C',2.0),
	(28,16,'C',2.0),
	(28,10,'D',1.0),
	(29,11,'B',3.0),
	(30,4,'B',3.0),
	(30,10,'A',4.0),
	(30,15,'B-',2.7);


INSERT INTO REGISTRATION (STU_ID,SECTION_NUM) 
VALUES
	(1,4),
	(2,25),
	(3,2),
	(3,27),
	(3,32),
	(4,10),
	(4,2),
	(5,31),
	(5,18),
	(6,23),
	(6,9),
	(7,4),
	(8,1),
	(10,24),
	(11,32),
	(12,28),
	(12,17),
	(13,18),
	(14,20),
	(16,3),
	(16,21),
	(18,26),
	(19,21),
	(19,26),
	(20,11),
	(20,4),
	(22,23),
	(23,21),
	(23,23),
	(24,28),
	(24,31),
	(27,24),
	(27,29),
	(27,6),
	(29,10),
	(29,19),
	(30,7),
	(30,25);

INSERT INTO FINANCIAL (BILLING_NAME, BILLING_ADDRESS, BILLING_CITY, BILLING_STATE, BILLING_ZIP, STU_ID, CREDITCARD_NUM, EXP_DATE )
VALUES
	('Jesse Booth', '947 Bartlett Ave', 'Southfield', 'MI', 48075,1,6391929636967725,'12/18'),
	('Patricia Avila', '1049 D St', 'Roseville', 'MI', 48066,2,1532385210071655,'01/20'),
	('Patricia Avila', '1049 D St', 'Roseville', 'MI', 48066,2,0318783127536008,'10/16'),
	('Joseph Sanner','348 Nash St','Detroit','MI',48227,3,3137338217917509,'08/15'),
	('Joseph Sanner','348 Nash St','Detroit','MI',48227,3,6963668619606028,'09/20'),
	('Julia Timmons','1945 Eagle Dr','Southfield','MI',48235,4,7231338502782013,'11/16'),
	('Ralph Kestner','4185 Robinson Ct','Saginaw','MI',48607,5,7537667569061042,'05/17'),
	('Joan Fredericks','1476 Wetzel Ln','Grand Rapids','MI',49503,6,7270947939725973,'10/18'),
	('Sheila Tyson','3327 Cherry Ridge Dr','Bloomfield Township','MI',48302,7,4002490427515102,'11/19'),
	('Sheila Tyson','3327 Cherry Ridge Dr','Bloomfield Township','MI',48302,7,1378922391111738,'12/18'),
	('Albert Bramblett','1758 Goff Ave','Three Rivers','MI',49093,8,1434571627839820,'11/17'),
	('Albert Bramblett','1758 Goff Ave','Three Rivers','MI',49093,8,2983206832829593,'11/16'),
	('Elizabeth Gill','2621 Haven Ln','Grand Rapids','MI',49508,9,4304383085283558,'01/18'),
	('Jose Thomas','4638 Prudence St','Southfield','MI',48075,10,9931677232037015,'09/16'),
	('Jose Thomas','4638 Prudence St','Southfield','MI',48075,10,2189416694623540,'11/20'),
	('Justin Jones','3734 Hart Ridge Rd','Saginaw','MI',48607,11,1356425125736286,'02/18'),
	('Frances Swanson','324 Wetzel Ln','Grand Rapids','MI',49503,12,6948146815724635,'10/19'),
	('Barbara Flower','4643 Bobcat Dr','Bloomfield Township','MI',48302,13,4264054125890774,'02/16'),
	('Robert Richardson','1778 Veltri Dr','Marquette','MI',49855,14,7134890220775215,'05/15'),
	('Joseph Watts','2854 Prudence St','Farmington Hills','MI',48335,15,2958859908676847,'06/17'),
	('Kathryn Aguilar','4658 Ben St','East Lansing','MI',48823,16,2109457784132348,'09/15'),
	('Michelle Tate','209 D Street','Southfield','MI',48075,17,2284126470725354,'03/20'),
	('Michelle Tate','209 D Street','Southfield','MI',48075,17,5076736291429364,'11/20'),
	('Janice Watson','3650 Eagle Dr','Monroe','MI',48162,18,6621519487143168,'07/19'),
	('Janice Watson','3650 Eagle Dr','Monroe','MI',48162,18,4606089945419313,'04/17'),
	('Edward Long','2689 Lakeland Terrace','Detroit','MI',48226,19,7610469470734568,'05/18'),
	('Edward Long','2689 Lakeland Terrace','Detroit','MI',48226,19,2591130889548668,'12/18'),
	('Vernon Stocks','598 Mount St','Alma','MI',48801,20,1680456695627641,'05/19'),
	('Raymonds Cordova','182 Echo Ln','Grands Rapids','MI',49508,21,3192093348115012,'11/16'),
	('Raymonds Cordova','182 Echo Ln','Grands Rapids','MI',49508,21,0070006014335281,'05/15'),
	('Russell Robertson','2573 Ripple St','Kingston','MI',48741,22,1353997815129287,'11/18'),
	('Brandon Moreno','2855 John Ave','Lansing','MI',48912,23,9977360012942217,'05/20'),
	('Michele Slaughter','2697 Ritter Ave','Southfield','MI',48034,24,1319213145058653,'01/16'),
	('Kathleen Gill','1338 Tully St','Detroit','MI',48219,25,6091613345312595,'02/20'),
	('Kathleen Gill','1338 Tully St','Detroit','MI',48219,25,6097460069145567,'10/19'),
	('Jessica Mercuri','209 Hayhurst Ln','Detroit','MI',48219,26,7828098619405285,'09/15'),
	('Jessica Mercuri','209 Hayhurst Ln','Detroit','MI',48219,26,0115833426035457,'11/20'),
	('Walter Raphael','1909 Front St','Southfield','MI',48075,27,0743728410428646,'11/19'),
	('Walter Raphael','1909 Front St','Southfield','MI',48075,27,2250199437987122,'06/19'),
	('Iva Stecker','1619 Pinewood Ave','Crystal Falls','MI',49920,28,8585981554599198,'03/16'),
	('Iva Stecker','1619 Pinewood Ave','Crystal Falls','MI',49920,28,3064987464075219,'09/16'),
	('Elizabeth Mallory','4464 State St','Detroit','MI',48219,29,7338985905039244,'10/15'),
	('Elizabeth Mallory','4464 State St','Detroit','MI',48219,29,9131771324348373,'05/16'),
	('Leslie Case','1674 Summit Park Ave','Plymouth','MI',48170,30,8205787225783918,'07/20');

INSERT INTO INVOICE (CREDITCARD_NUM, STU_ID, INVOICE_PAYMENT, INVOICE_DATE)
VALUES
	(6391929636967725,1,717,'2007-04-11'),
	(6391929636967725,1,132,'2008-12-25'),
	(6391929636967725,1,761,'2009-06-11'),
	(6391929636967725,1,305,'2013-11-01'),
	(1532385210071655,2,129,'2005-01-14'),
	(1532385210071655,2,278,'2013-08-29'),
	(1532385210071655,2,910,'2005-12-15'),
	(1532385210071655,2,504,'2007-06-22'),
	(0318783127536008,2,871,'2010-08-03'),
	(3137338217917509,3,399,'2011-07-23'),
	(6963668619606028,3,627,'2009-02-03'),
	(7231338502782013,4,6,'2010-03-05'),
	(7231338502782013,4,689,'2009-11-28'),
	(7537667569061042,5,165,'2014-11-06'),
	(7537667569061042,5,263,'2006-11-01'),
	(7270947939725973,6,486,'2013-08-16'),
	(7270947939725973,6,83,'2009-06-03'),
	(7270947939725973,6,934,'2009-02-12'),
	(7270947939725973,6,244,'2012-04-02'),
	(7270947939725973,6,776,'2009-03-21'),
	(4002490427515102,7,459,'2014-05-09'),
	(4002490427515102,7,491,'2013-08-22'),
	(4002490427515102,7,962,'2013-02-13'),
	(4002490427515102,7,669,'2013-12-15'),
	(1378922391111738,7,294,'2007-10-05'),
	(1434571627839820,8,928,'2013-08-20'),
	(1434571627839820,8,555,'2013-11-07'),
	(1434571627839820,8,773,'2006-02-26'),
	(1434571627839820,8,295,'2006-10-12'),
	(2983206832829593,8,832,'2010-05-25'),
	(2983206832829593,8,769,'2008-10-19'),
	(4304383085283558,9,51,'2014-09-09'),
	(9931677232037015,10,440,'2012-07-10'),
	(9931677232037015,10,60,'2013-08-04'),
	(9931677232037015,10,867,'2007-08-20'),
	(9931677232037015,10,694,'2008-09-29'),
	(2189416694623540,10,240,'2005-01-10'),
	(2189416694623540,10,975,'2014-03-04'),
	(2189416694623540,10,840,'2012-07-26'),
	(2189416694623540,10,355,'2008-01-25'),
	(1356425125736286,11,132,'2013-10-16'),
	(1356425125736286,11,647,'2010-06-06'),
	(1356425125736286,11,636,'2011-08-27'),
	(6948146815724635,12,173,'2013-11-07'),
	(6948146815724635,12,727,'2012-09-14'),
	(6948146815724635,12,549,'2008-02-18'),
	(4264054125890774,13,124,'2006-12-22'),
	(4264054125890774,13,814,'2013-02-10'),
	(7134890220775215,14,709,'2005-09-24'),
	(7134890220775215,14,705,'2014-04-01'),
	(2958859908676847,15,476,'2011-06-07'),
	(2109457784132348,16,794,'2010-07-12'),
	(2109457784132348,16,432,'2014-09-08'),
	(2109457784132348,16,69,'2007-06-23'),
	(2109457784132348,16,216,'2007-08-28'),
	(2284126470725354,17,63,'2012-08-15'),
	(2284126470725354,17,450,'2011-05-28'),
	(5076736291429364,17,531,'2013-12-26'),
	(5076736291429364,17,617,'2009-10-13'),
	(5076736291429364,17,114,'2009-03-25'),
	(5076736291429364,17,972,'2009-05-28'),
	(6621519487143168,18,85,'2006-04-17'),
	(6621519487143168,18,875,'2010-02-05'),
	(6621519487143168,18,967,'2012-10-06'),
	(6621519487143168,18,237,'2013-10-26'),
	(6621519487143168,18,726,'2008-01-01'),
	(4606089945419313,18,16,'2011-08-15'),
	(4606089945419313,18,626,'2006-06-02'),
	(4606089945419313,18,344,'2012-01-22'),
	(4606089945419313,18,336,'2010-08-06'),
	(7610469470734568,19,201,'2006-06-26'),
	(7610469470734568,19,921,'2007-07-23'),
	(7610469470734568,19,335,'2006-11-21'),
	(2591130889548668,19,588,'2012-10-18'),
	(1680456695627641,20,681,'2006-01-13'),
	(1680456695627641,20,159,'2008-04-03'),
	(3192093348115012,21,261,'2005-11-12'),
	(3192093348115012,21,278,'2014-12-27'),
	(0070006014335281,21,521,'2008-09-17'),
	(1353997815129287,22,176,'2013-04-09'),
	(1353997815129287,22,969,'2009-06-18'),
	(9977360012942217,23,984,'2014-06-01'),
	(1319213145058653,24,30,'2005-03-26'),
	(1319213145058653,24,243,'2009-07-18'),
	(1319213145058653,24,734,'2008-08-07'),
	(1319213145058653,24,397,'2008-11-25'),
	(6091613345312595,25,651,'2005-06-20'),
	(6091613345312595,25,333,'2012-08-25'),
	(6091613345312595,25,545,'2012-04-01'),
	(6091613345312595,25,657,'2011-12-27'),
	(6091613345312595,25,586,'2008-01-03'),
	(6097460069145567,25,215,'2012-11-21'),
	(6097460069145567,25,17,'2008-02-02'),
	(6097460069145567,25,873,'2012-04-12'),
	(6097460069145567,25,290,'2012-11-08'),
	(6097460069145567,25,402,'2012-03-15'),
	(7828098619405285,26,868,'2014-04-13'),
	(0115833426035457,26,849,'2006-06-12'),
	(0743728410428646,27,231,'2010-05-27'),
	(0743728410428646,27,702,'2010-10-23'),
	(2250199437987122,27,344,'2008-05-16'),
	(2250199437987122,27,293,'2011-11-20'),
	(2250199437987122,27,443,'2011-07-10'),
	(2250199437987122,27,535,'2006-09-15'),
	(2250199437987122,27,108,'2012-02-29'),
	(8585981554599198,28,121,'2010-04-22'),
	(8585981554599198,28,43,'2009-04-18'),
	(8585981554599198,28,457,'2008-07-26'),
	(3064987464075219,28,934,'2007-01-05'),
	(7338985905039244,29,164,'2007-09-22'),
	(7338985905039244,29,204,'2010-04-02'),
	(9131771324348373,29,830,'2011-06-08'),
	(9131771324348373,29,293,'2009-10-20'),
	(8205787225783918,30,245,'2009-08-07'),
	(8205787225783918,30,94,'2008-12-16'),
	(8205787225783918,30,728,'2012-08-28');