<?xml version="1.0" encoding="UTF-8"?>
<project-private xmlns="http://www.netbeans.org/ns/project-private/1">
    <editor-bookmarks xmlns="http://www.netbeans.org/ns/editor-bookmarks/2" lastBookmarkId="0"/>
    <open-files xmlns="http://www.netbeans.org/ns/projectui-open-files/2">
        <group>
            <file>file:/E:/Users/Justin/GitHub/IntegratedSpaghetti/WebDevProject_PHP/app/model/UserDB.php</file>
            <file>file:/E:/Users/Justin/GitHub/IntegratedSpaghetti/WebDevProject_PHP/app/views/finance/index.php</file>
            <file>file:/E:/Users/Justin/GitHub/IntegratedSpaghetti/WebDevProject_PHP/app/views/finance/payment.php</file>
            <file>file:/E:/Users/Justin/GitHub/IntegratedSpaghetti/WebDevProject_PHP/app/core/Controller.php</file>
            <file>file:/E:/Users/Justin/GitHub/IntegratedSpaghetti/WebDevProject_PHP/app/controller/finance.php</file>
            <file>file:/E:/Users/Justin/GitHub/IntegratedSpaghetti/WebDevProject_PHP/app/model/FinancialDB.php</file>
            <file>file:/E:/Users/Justin/GitHub/IntegratedSpaghetti/WebDevProject_PHP/app/views/finance/invoices.php</file>
            <file>file:/E:/Users/Justin/GitHub/IntegratedSpaghetti/WebDevProject_PHP/app/views/finance/options.php</file>
        </group>
    </open-files>
</project-private>
